{"id":"9caa4f06-02a2-4b03-af85-f93fb1da98be","revision":0,"last_node_id":0,"last_link_id":0,"nodes":[],"links":[],"groups":[],"config":{},"extra":{"workflowRendererVersion":"LG","ds":{"scale":0.35584102738367757,"offset":[3615.915686954681,638.7613784972242]}},"version":0.4}